{"cameraMode":{"drawMode":0,"name":"Shaded","section":"Shading Mode"},"sceneLighting":true,"audioPlay":false,"sceneViewState":{"m_AlwaysRefresh":false,"showFog":true,"showSkybox":true,"showFlares":true,"showImageEffects":true,"showParticleSystems":true,"showVisualEffectGraphs":true,"m_FxEnabled":true},"in2DMode":false,"pivot":{"x":362.5985412597656,"y":250.06735229492188,"z":-112.5433349609375},"rotation":{"x":-0.000010286199540132657,"y":0.9999832510948181,"z":-0.0018095590639859439,"w":-0.005698896944522858},"size":445.97564697265627,"orthographic":false}